,Valence,Energy,Danceability,Unemployment
Valence,1.0,0.5645836163878203,-0.28754236354255863,0.05017057153275243
Energy,0.5645836163878203,1.0,-0.7655803681771393,0.6102058466265141
Danceability,-0.28754236354255863,-0.7655803681771393,1.0,-0.6869031338178455
Unemployment,0.05017057153275243,0.6102058466265141,-0.6869031338178455,1.0
